ad_id,age,gender,percentage
2530702150300577,25-34,male,0.117978
2530702150300577,55-64,male,0.191011
2530702150300577,65+,male,0.123596
2530702150300577,55-64,female,0.05618
2530702150300577,45-54,male,0.162921
2530702150300577,35-44,female,0.033708
2530702150300577,35-44,male,0.151685
2530702150300577,18-24,male,0.016854
2530702150300577,45-54,female,0.016854
2530702150300577,65+,female,0.117978
2530702150300577,55-64,unknown,0.005618
2530702150300577,25-34,female,0.005618
2530702150300577,45-54,unknown,0
2530702150300577,35-44,unknown,0
2530702150300577,25-34,unknown,0
2530702150300577,18-24,unknown,0
2530702150300577,18-24,female,0
2530702150300577,65+,unknown,0
1052112738473084,25-34,male,0.142857
1052112738473084,35-44,male,0.238095
1052112738473084,55-64,male,0.174603
1052112738473084,55-64,female,0.063492
1052112738473084,45-54,male,0.111111
1052112738473084,65+,female,0.015873
1052112738473084,45-54,female,0.031746
1052112738473084,18-24,female,0.047619
1052112738473084,25-34,female,0.015873
1052112738473084,55-64,unknown,0.015873
1052112738473084,18-24,male,0.047619
1052112738473084,35-44,female,0.079365
1052112738473084,65+,male,0.015873
1052112738473084,45-54,unknown,0
1052112738473084,35-44,unknown,0
1052112738473084,25-34,unknown,0
1052112738473084,18-24,unknown,0
1052112738473084,65+,unknown,0
561771974599501,55-64,female,0.205124
561771974599501,45-54,female,0.156809
561771974599501,18-24,female,0.111589
561771974599501,35-44,female,0.150619
561771974599501,65+,female,0.212517
561771974599501,25-34,female,0.163343
561771974599501,55-64,unknown,0
561771974599501,25-34,male,0
561771974599501,45-54,unknown,0
561771974599501,35-44,unknown,0
561771974599501,18-24,male,0
561771974599501,65+,male,0
561771974599501,25-34,unknown,0
561771974599501,45-54,male,0
561771974599501,18-24,unknown,0
561771974599501,55-64,male,0
561771974599501,35-44,male,0
561771974599501,65+,unknown,0
718424775311531,18-24,male,0.782258
718424775311531,25-34,male,0.116935
718424775311531,18-24,unknown,0.020161
718424775311531,18-24,female,0.072581
718424775311531,25-34,female,0.008065
718424775311531,55-64,unknown,0
718424775311531,35-44,female,0
718424775311531,45-54,female,0
718424775311531,35-44,unknown,0
718424775311531,45-54,unknown,0
718424775311531,65+,male,0
718424775311531,55-64,female,0
718424775311531,25-34,unknown,0
718424775311531,65+,female,0
718424775311531,45-54,male,0
718424775311531,55-64,male,0
718424775311531,35-44,male,0
718424775311531,65+,unknown,0
1006080849725922,55-64,female,0.064407
1006080849725922,65+,unknown,0.001207
1006080849725922,25-34,unknown,0.001207
1006080849725922,55-64,unknown,0.001149
1006080849725922,35-44,unknown,0.002413
1006080849725922,45-54,male,0.098363
1006080849725922,18-24,unknown,0.000747
1006080849725922,55-64,male,0.065671
1006080849725922,65+,male,0.039874
1006080849725922,45-54,female,0.080954
1006080849725922,18-24,female,0.073887
1006080849725922,35-44,female,0.089227
1006080849725922,25-34,male,0.137489
1006080849725922,18-24,male,0.092675
1006080849725922,25-34,female,0.101982
1006080849725922,35-44,male,0.105487
1006080849725922,65+,female,0.04108
1006080849725922,45-54,unknown,0.002183
2198258700479233,65+,female,0.131825
2198258700479233,25-34,male,0.069492
2198258700479233,18-24,unknown,0.000191
2198258700479233,55-64,unknown,0.001623
2198258700479233,35-44,unknown,0.001527
2198258700479233,18-24,female,0.015846
2198258700479233,25-34,female,0.03866
2198258700479233,55-64,male,0.10147
2198258700479233,35-44,female,0.067583
2198258700479233,45-54,unknown,0.002005
2198258700479233,45-54,female,0.112447
2198258700479233,65+,unknown,0.000668
2198258700479233,45-54,male,0.103188
2198258700479233,65+,male,0.079611
2198258700479233,18-24,male,0.035605
2198258700479233,55-64,female,0.149962
2198258700479233,35-44,male,0.088011
2198258700479233,25-34,unknown,0.000286
598381490920785,45-54,female,0.063613
598381490920785,25-34,male,0.178435
598381490920785,18-24,male,0.122933
598381490920785,55-64,male,0.084765
598381490920785,35-44,male,0.148537
598381490920785,45-54,male,0.122933
598381490920785,18-24,female,0.065363
598381490920785,55-64,female,0.076495
598381490920785,25-34,female,0.061069
598381490920785,35-44,female,0.068225
598381490920785,45-54,unknown,0.00159
598381490920785,35-44,unknown,0.003658
598381490920785,25-34,unknown,0.001272
598381490920785,55-64,unknown,0.001113
598381490920785,65+,male,0
598381490920785,18-24,unknown,0
598381490920785,65+,unknown,0
598381490920785,65+,female,0
785511771909632,45-54,female,0.128707
785511771909632,35-44,male,0.145426
785511771909632,25-34,male,0.169716
785511771909632,45-54,male,0.155521
785511771909632,35-44,female,0.071293
785511771909632,55-64,female,0.102839
785511771909632,55-64,male,0.085174
785511771909632,25-34,female,0.054259
785511771909632,35-44,unknown,0.003785
785511771909632,18-24,male,0.066246
785511771909632,18-24,female,0.011672
785511771909632,45-54,unknown,0.001893
785511771909632,25-34,unknown,0.001893
785511771909632,55-64,unknown,0.001577
785511771909632,65+,male,0
785511771909632,18-24,unknown,0
785511771909632,65+,unknown,0
785511771909632,65+,female,0
2727176920846006,55-64,female,0.09641
2727176920846006,55-64,male,0.134328
2727176920846006,25-34,male,0.212182
2727176920846006,45-54,male,0.159338
2727176920846006,35-44,male,0.166196
2727176920846006,45-54,female,0.061718
2727176920846006,35-44,female,0.042356
2727176920846006,18-24,male,0.058088
2727176920846006,35-44,unknown,0.004841
2727176920846006,25-34,female,0.050424
2727176920846006,18-24,unknown,0.000807
2727176920846006,18-24,female,0.008068
2727176920846006,25-34,unknown,0.00121
2727176920846006,55-64,unknown,0.002017
2727176920846006,45-54,unknown,0.002017
2727176920846006,65+,male,0
2727176920846006,65+,unknown,0
2727176920846006,65+,female,0
2421982304691282,18-24,male,0.10435
2421982304691282,55-64,female,0.05689
2421982304691282,35-44,unknown,0.002137
2421982304691282,45-54,unknown,0.002263
2421982304691282,65+,unknown,0.001634
2421982304691282,25-34,female,0.027408
2421982304691282,18-24,unknown,0.000691
2421982304691282,55-64,unknown,0.001634
2421982304691282,35-44,female,0.035265
2421982304691282,65+,male,0.0804
2421982304691282,45-54,female,0.04658
2421982304691282,65+,female,0.059341
2421982304691282,25-34,male,0.154136
2421982304691282,18-24,female,0.021687
2421982304691282,35-44,male,0.137918
2421982304691282,55-64,male,0.127546
2421982304691282,45-54,male,0.139238
2421982304691282,25-34,unknown,0.00088
430773694238299,35-44,male,0.491398
430773694238299,25-34,male,0.417155
430773694238299,18-24,male,0.091446
430773694238299,35-44,female,0
430773694238299,45-54,unknown,0
430773694238299,25-34,unknown,0
430773694238299,18-24,female,0
430773694238299,25-34,female,0
430773694238299,55-64,unknown,0
430773694238299,35-44,unknown,0
430773694238299,45-54,female,0
430773694238299,65+,male,0
430773694238299,55-64,female,0
430773694238299,65+,female,0
430773694238299,45-54,male,0
430773694238299,18-24,unknown,0
430773694238299,55-64,male,0
430773694238299,65+,unknown,0
633374893863918,18-24,unknown,0.00027
633374893863918,35-44,unknown,0.002246
633374893863918,45-54,unknown,0.001797
633374893863918,65+,unknown,0.001348
633374893863918,25-34,unknown,0.000809
633374893863918,35-44,male,0.054273
633374893863918,25-34,male,0.085093
633374893863918,45-54,male,0.049151
633374893863918,55-64,female,0.100548
633374893863918,65+,male,0.023093
633374893863918,18-24,male,0.054991
633374893863918,25-34,female,0.139276
633374893863918,55-64,male,0.031719
633374893863918,18-24,female,0.131728
633374893863918,45-54,female,0.129392
633374893863918,35-44,female,0.116363
633374893863918,65+,female,0.077006
633374893863918,55-64,unknown,0.000899
958150397882607,18-24,male,0.047664
958150397882607,55-64,unknown,0.001973
958150397882607,18-24,female,0.015161
958150397882607,35-44,unknown,0.001661
958150397882607,45-54,unknown,0.001869
958150397882607,25-34,unknown,0.00135
958150397882607,18-24,unknown,0.000104
958150397882607,45-54,male,0.161371
958150397882607,35-44,male,0.140914
958150397882607,25-34,female,0.053998
958150397882607,25-34,male,0.124195
958150397882607,45-54,female,0.124403
958150397882607,35-44,female,0.084424
958150397882607,55-64,female,0.129699
958150397882607,55-64,male,0.111215
958150397882607,65+,male,0
958150397882607,65+,unknown,0
958150397882607,65+,female,0
586370428836116,18-24,female,0.333333
586370428836116,45-54,female,0.666667
586370428836116,35-44,female,0
586370428836116,45-54,unknown,0
586370428836116,18-24,male,0
586370428836116,25-34,unknown,0
586370428836116,25-34,female,0
586370428836116,55-64,unknown,0
586370428836116,25-34,male,0
586370428836116,35-44,unknown,0
586370428836116,65+,male,0
586370428836116,55-64,female,0
586370428836116,65+,female,0
586370428836116,45-54,male,0
586370428836116,18-24,unknown,0
586370428836116,55-64,male,0
586370428836116,35-44,male,0
586370428836116,65+,unknown,0
546404979243824,55-64,male,0.101053
546404979243824,25-34,female,0.059339
546404979243824,25-34,unknown,0.001408
546404979243824,18-24,unknown,0.000626
546404979243824,45-54,unknown,0.002659
546404979243824,55-64,unknown,0.001304
546404979243824,35-44,unknown,0.002607
546404979243824,18-24,female,0.024716
546404979243824,65+,female,0.0523
546404979243824,35-44,male,0.135155
546404979243824,55-64,female,0.071957
546404979243824,45-54,male,0.12895
546404979243824,35-44,female,0.060173
546404979243824,65+,male,0.058765
546404979243824,18-24,male,0.069924
546404979243824,45-54,female,0.06836
546404979243824,25-34,male,0.159506
546404979243824,65+,unknown,0.001199
711044099385134,25-34,male,0.140385
711044099385134,18-24,male,0.067308
711044099385134,65+,female,0.076923
711044099385134,25-34,female,0.05
711044099385134,35-44,male,0.086538
711044099385134,55-64,female,0.063462
711044099385134,45-54,male,0.128846
711044099385134,45-54,female,0.076923
711044099385134,55-64,male,0.136538
711044099385134,35-44,female,0.057692
711044099385134,65+,male,0.082692
711044099385134,18-24,female,0.025
711044099385134,45-54,unknown,0.003846
711044099385134,18-24,unknown,0.001923
711044099385134,25-34,unknown,0.001923
711044099385134,55-64,unknown,0
711044099385134,65+,unknown,0
711044099385134,35-44,unknown,0
766716003792628,18-24,unknown,0.000499
766716003792628,55-64,female,0.130305
766716003792628,55-64,unknown,0.001498
766716003792628,18-24,female,0.031952
766716003792628,45-54,unknown,0.002996
766716003792628,35-44,female,0.074388
766716003792628,65+,male,0.061907
766716003792628,55-64,male,0.097853
766716003792628,25-34,male,0.053919
766716003792628,35-44,unknown,0.000499
766716003792628,25-34,female,0.050924
766716003792628,45-54,female,0.145781
766716003792628,65+,female,0.119321
766716003792628,35-44,male,0.080379
766716003792628,45-54,male,0.102846
766716003792628,18-24,male,0.042936
766716003792628,65+,unknown,0.001997
766716003792628,25-34,unknown,0
2759873360700572,18-24,unknown,0.000185
2759873360700572,18-24,female,0.038447
2759873360700572,35-44,unknown,0.002403
2759873360700572,55-64,unknown,0.001664
2759873360700572,45-54,unknown,0.002218
2759873360700572,65+,unknown,0.001848
2759873360700572,65+,male,0.052311
2759873360700572,25-34,female,0.072274
2759873360700572,55-64,male,0.097227
2759873360700572,35-44,female,0.081885
2759873360700572,25-34,male,0.102033
2759873360700572,65+,female,0.060998
2759873360700572,45-54,female,0.101664
2759873360700572,45-54,male,0.11719
2759873360700572,18-24,male,0.053235
2759873360700572,35-44,male,0.120887
2759873360700572,55-64,female,0.092237
2759873360700572,25-34,unknown,0.001294
758430511342321,35-44,male,0.121823
758430511342321,55-64,female,0.079634
758430511342321,45-54,unknown,0.00209
758430511342321,18-24,unknown,0.000508
758430511342321,65+,unknown,0.001299
758430511342321,25-34,unknown,0.000565
758430511342321,35-44,unknown,0.00209
758430511342321,25-34,female,0.024342
758430511342321,18-24,female,0.017678
758430511342321,65+,male,0.087372
758430511342321,35-44,female,0.035412
758430511342321,18-24,male,0.090591
758430511342321,55-64,male,0.124195
758430511342321,45-54,female,0.058511
758430511342321,45-54,male,0.137976
758430511342321,25-34,male,0.130238
758430511342321,65+,female,0.084322
758430511342321,55-64,unknown,0.001355
3174462875913870,18-24,unknown,0.000195
3174462875913870,18-24,female,0.097714
3174462875913870,35-44,male,0.131132
3174462875913870,18-24,male,0.171194
3174462875913870,25-34,male,0.243307
3174462875913870,25-34,female,0.108853
3174462875913870,45-54,male,0.075044
3174462875913870,55-64,male,0.045339
3174462875913870,45-54,female,0.034786
3174462875913870,35-44,female,0.057651
3174462875913870,55-64,female,0.026578
3174462875913870,45-54,unknown,0.001563
3174462875913870,25-34,unknown,0.001563
3174462875913870,35-44,unknown,0.004299
3174462875913870,55-64,unknown,0.000782
3174462875913870,65+,male,0
3174462875913870,65+,unknown,0
3174462875913870,65+,female,0
2579807895671184,35-44,male,0.121152
2579807895671184,35-44,female,0.062129
2579807895671184,45-54,unknown,0.002259
2579807895671184,18-24,unknown,0.001412
2579807895671184,25-34,unknown,0.001694
2579807895671184,35-44,unknown,0.003954
2579807895671184,18-24,female,0.043491
2579807895671184,18-24,male,0.089523
2579807895671184,25-34,male,0.161536
2579807895671184,55-64,male,0.09037
2579807895671184,25-34,female,0.062694
2579807895671184,55-64,unknown,0.002824
2579807895671184,45-54,male,0.116351
2579807895671184,65+,male,0.048009
2579807895671184,55-64,female,0.070884
2579807895671184,65+,female,0.054222
2579807895671184,45-54,female,0.066365
2579807895671184,65+,unknown,0.00113
2203090866667084,35-44,unknown,0.001098
2203090866667084,25-34,unknown,0.001098
2203090866667084,25-34,female,0.079034
2203090866667084,45-54,male,0.129528
2203090866667084,18-24,male,0.036224
2203090866667084,55-64,male,0.130626
2203090866667084,25-34,male,0.08562
2203090866667084,45-54,female,0.129528
2203090866667084,35-44,female,0.100988
2203090866667084,55-64,female,0.148189
2203090866667084,35-44,male,0.122942
2203090866667084,55-64,unknown,0.006586
2203090866667084,18-24,female,0.023052
2203090866667084,45-54,unknown,0.003293
2203090866667084,18-24,unknown,0.002195
2203090866667084,65+,male,0
2203090866667084,65+,unknown,0
2203090866667084,65+,female,0
2333705703404932,25-34,female,0.25
2333705703404932,35-44,male,0.25
2333705703404932,45-54,unknown,0.25
2333705703404932,55-64,female,0.25
2333705703404932,55-64,unknown,0
2333705703404932,25-34,male,0
2333705703404932,35-44,female,0
2333705703404932,35-44,unknown,0
2333705703404932,18-24,male,0
2333705703404932,45-54,female,0
2333705703404932,65+,male,0
2333705703404932,25-34,unknown,0
2333705703404932,65+,female,0
2333705703404932,45-54,male,0
2333705703404932,18-24,unknown,0
2333705703404932,55-64,male,0
2333705703404932,18-24,female,0
2333705703404932,65+,unknown,0
1153103714892043,65+,unknown,0.002832
1153103714892043,55-64,male,0.086165
1153103714892043,55-64,unknown,0.001214
1153103714892043,35-44,unknown,0.005663
1153103714892043,45-54,unknown,0.004854
1153103714892043,18-24,female,0.033576
1153103714892043,65+,female,0.04288
1153103714892043,25-34,male,0.177589
1153103714892043,35-44,male,0.1339
1153103714892043,18-24,male,0.132686
1153103714892043,25-34,unknown,0.001618
1153103714892043,55-64,female,0.070388
1153103714892043,35-44,female,0.05178
1153103714892043,45-54,male,0.106796
1153103714892043,65+,male,0.04733
1153103714892043,45-54,female,0.052184
1153103714892043,25-34,female,0.046926
1153103714892043,18-24,unknown,0.001618
2707539475951638,65+,male,0.045382
2707539475951638,25-34,unknown,0.000796
2707539475951638,35-44,unknown,0.000796
2707539475951638,45-54,female,0.001592
2707539475951638,18-24,female,0.003185
2707539475951638,25-34,female,0.001592
2707539475951638,18-24,male,0.009554
2707539475951638,25-34,male,0.007962
2707539475951638,55-64,female,0.002389
2707539475951638,13-17,male,0.56051
2707539475951638,13-17,unknown,0.014331
2707539475951638,35-44,male,0.009554
2707539475951638,45-54,male,0.022293
2707539475951638,65+,female,0.01672
2707539475951638,13-17,female,0.275478
2707539475951638,55-64,male,0.025478
2707539475951638,35-44,female,0.002389
2707539475951638,55-64,unknown,0
2707539475951638,18-24,unknown,0
2707539475951638,45-54,unknown,0
2707539475951638,65+,unknown,0
2545515895502485,35-44,female,0.126593
2545515895502485,45-54,male,0.098901
2545515895502485,25-34,female,0.101758
2545515895502485,45-54,female,0.145934
2545515895502485,55-64,male,0.089451
2545515895502485,25-34,male,0.083297
2545515895502485,55-64,female,0.152967
2545515895502485,35-44,male,0.08022
2545515895502485,18-24,male,0.057582
2545515895502485,55-64,unknown,0.003297
2545515895502485,18-24,female,0.051209
2545515895502485,35-44,unknown,0.003297
2545515895502485,45-54,unknown,0.002418
2545515895502485,18-24,unknown,0.001978
2545515895502485,25-34,unknown,0.001099
2545515895502485,65+,male,0
2545515895502485,65+,unknown,0
2545515895502485,65+,female,0
781100382357423,45-54,male,0.188065
781100382357423,25-34,female,0.016405
781100382357423,18-24,unknown,0.000951
781100382357423,18-24,female,0.003566
781100382357423,55-64,unknown,0.003329
781100382357423,55-64,female,0.065383
781100382357423,45-54,unknown,0.004042
781100382357423,18-24,male,0.039467
781100382357423,35-44,unknown,0.003091
781100382357423,65+,female,0.070138
781100382357423,45-54,female,0.047551
781100382357423,35-44,female,0.021874
781100382357423,25-34,unknown,0.000951
781100382357423,25-34,male,0.101046
781100382357423,65+,male,0.11127
781100382357423,55-64,male,0.202092
781100382357423,35-44,male,0.118402
781100382357423,65+,unknown,0.002378
3324951420880654,45-54,unknown,0.002161
3324951420880654,35-44,female,0.064121
3324951420880654,35-44,unknown,0.00072
3324951420880654,55-64,unknown,0.002882
3324951420880654,65+,unknown,0.003602
3324951420880654,18-24,female,0.020893
3324951420880654,18-24,male,0.048991
3324951420880654,55-64,female,0.103026
3324951420880654,25-34,male,0.072767
3324951420880654,55-64,male,0.116715
3324951420880654,65+,male,0.090058
3324951420880654,25-34,female,0.03098
3324951420880654,65+,female,0.100144
3324951420880654,45-54,male,0.131124
3324951420880654,35-44,male,0.136167
3324951420880654,45-54,female,0.074928
3324951420880654,25-34,unknown,0.00072
3324951420880654,18-24,unknown,0
2420174811414443,35-44,unknown,0.001329
2420174811414443,65+,male,0.150166
2420174811414443,18-24,male,0.039203
2420174811414443,65+,unknown,0.004651
2420174811414443,25-34,male,0.113621
2420174811414443,35-44,female,0.034551
2420174811414443,55-64,male,0.13289
2420174811414443,45-54,male,0.140199
2420174811414443,65+,female,0.093688
2420174811414443,55-64,unknown,0.007309
2420174811414443,45-54,female,0.040532
2420174811414443,55-64,female,0.062458
2420174811414443,35-44,male,0.142857
2420174811414443,25-34,unknown,0.001329
2420174811414443,45-54,unknown,0.002658
2420174811414443,18-24,unknown,0.001329
2420174811414443,25-34,female,0.021262
2420174811414443,18-24,female,0.009967
2354089548235421,18-24,male,0.058491
2354089548235421,35-44,male,0.125157
2354089548235421,18-24,unknown,0.001258
2354089548235421,45-54,unknown,0.001887
2354089548235421,65+,unknown,0.002516
2354089548235421,35-44,unknown,0.002516
2354089548235421,25-34,unknown,0.001258
2354089548235421,18-24,female,0.027044
2354089548235421,65+,male,0.090566
2354089548235421,45-54,female,0.073585
2354089548235421,35-44,female,0.063522
2354089548235421,65+,female,0.077987
2354089548235421,45-54,male,0.138994
2354089548235421,25-34,female,0.036478
2354089548235421,55-64,male,0.130189
2354089548235421,25-34,male,0.093082
2354089548235421,55-64,female,0.072956
2354089548235421,55-64,unknown,0.002516
2457529044486044,55-64,female,0.059896
2457529044486044,35-44,unknown,0.002362
2457529044486044,55-64,unknown,0.00085
2457529044486044,18-24,unknown,0.000756
2457529044486044,45-54,unknown,0.002078
2457529044486044,65+,unknown,0.002645
2457529044486044,35-44,female,0.061974
2457529044486044,45-54,female,0.068682
2457529044486044,18-24,female,0.047615
2457529044486044,18-24,male,0.10411
2457529044486044,65+,male,0.075957
2457529044486044,35-44,male,0.107133
2457529044486044,25-34,female,0.058951
2457529044486044,55-64,male,0.086349
2457529044486044,25-34,male,0.142655
2457529044486044,65+,female,0.074728
2457529044486044,45-54,male,0.102126
2457529044486044,25-34,unknown,0.001134
718206818680938,35-44,female,0.132929
718206818680938,35-44,male,0.25171
718206818680938,45-54,male,0.132774
718206818680938,45-54,female,0.081468
718206818680938,25-34,male,0.267879
718206818680938,25-34,female,0.095927
718206818680938,18-24,male,0.022699
718206818680938,35-44,unknown,0.005908
718206818680938,25-34,unknown,0.001866
718206818680938,18-24,female,0.005597
718206818680938,45-54,unknown,0.001244
718206818680938,55-64,unknown,0
718206818680938,65+,male,0
718206818680938,55-64,female,0
718206818680938,65+,female,0
718206818680938,18-24,unknown,0
718206818680938,55-64,male,0
718206818680938,65+,unknown,0
998790413819273,18-24,unknown,0.000356
998790413819273,25-34,female,0.064011
998790413819273,45-54,unknown,0.002134
998790413819273,65+,unknown,0.001422
998790413819273,25-34,unknown,0.002489
998790413819273,35-44,unknown,0.004267
998790413819273,65+,female,0.059388
998790413819273,18-24,female,0.03165
998790413819273,18-24,male,0.041252
998790413819273,55-64,male,0.10064
998790413819273,35-44,male,0.130868
998790413819273,55-64,female,0.083926
998790413819273,45-54,female,0.089616
998790413819273,25-34,male,0.118421
998790413819273,35-44,female,0.08357
998790413819273,45-54,male,0.131223
998790413819273,65+,male,0.053698
998790413819273,55-64,unknown,0.001067
549580892496244,25-34,unknown,0.000356
549580892496244,55-64,female,0.01246
549580892496244,35-44,unknown,0.00178
549580892496244,55-64,male,0.0356
549580892496244,65+,female,0.014952
549580892496244,45-54,unknown,0.000712
549580892496244,65+,male,0.03382
549580892496244,45-54,female,0.015308
549580892496244,18-24,male,0.39943
549580892496244,18-24,unknown,0.003916
549580892496244,35-44,female,0.016732
549580892496244,25-34,female,0.030616
549580892496244,18-24,female,0.093984
549580892496244,35-44,male,0.069064
549580892496244,25-34,male,0.214667
549580892496244,45-54,male,0.056248
549580892496244,65+,unknown,0.000356
549580892496244,55-64,unknown,0
573256210144164,18-24,unknown,0.000727
573256210144164,25-34,female,0.030958
573256210144164,35-44,unknown,0.002909
573256210144164,25-34,unknown,0.001039
573256210144164,45-54,unknown,0.002597
573256210144164,65+,unknown,0.001558
573256210144164,35-44,female,0.033555
573256210144164,18-24,female,0.020777
573256210144164,45-54,male,0.137129
573256210144164,65+,male,0.097652
573256210144164,25-34,male,0.139934
573256210144164,55-64,male,0.138479
573256210144164,18-24,male,0.083108
573256210144164,55-64,female,0.06524
573256210144164,35-44,male,0.123312
573256210144164,45-54,female,0.039996
573256210144164,65+,female,0.078953
573256210144164,55-64,unknown,0.002078
963329917356157,35-44,male,0.139785
963329917356157,55-64,male,0.107527
963329917356157,35-44,female,0.064516
963329917356157,25-34,male,0.075269
963329917356157,25-34,female,0.043011
963329917356157,45-54,female,0.096774
963329917356157,45-54,male,0.182796
963329917356157,65+,male,0.064516
963329917356157,55-64,female,0.086022
963329917356157,65+,female,0.107527
963329917356157,18-24,female,0.010753
963329917356157,18-24,male,0.021505
963329917356157,55-64,unknown,0
963329917356157,45-54,unknown,0
963329917356157,35-44,unknown,0
963329917356157,25-34,unknown,0
963329917356157,18-24,unknown,0
963329917356157,65+,unknown,0
622331051636108,18-24,male,0.324584
622331051636108,18-24,female,0.292421
622331051636108,25-34,male,0.232532
622331051636108,25-34,female,0.148059
622331051636108,18-24,unknown,0.001479
622331051636108,25-34,unknown,0.000924
622331051636108,55-64,unknown,0
622331051636108,35-44,female,0
622331051636108,45-54,female,0
622331051636108,35-44,unknown,0
622331051636108,45-54,unknown,0
622331051636108,65+,male,0
622331051636108,55-64,female,0
622331051636108,65+,female,0
622331051636108,45-54,male,0
622331051636108,55-64,male,0
622331051636108,35-44,male,0
622331051636108,65+,unknown,0
479279776267424,18-24,male,0.081067
479279776267424,18-24,female,0.020155
479279776267424,55-64,unknown,0.000981
479279776267424,65+,unknown,0.001338
479279776267424,25-34,unknown,0.001427
479279776267424,45-54,unknown,0.002586
479279776267424,65+,female,0.059841
479279776267424,35-44,female,0.047712
479279776267424,45-54,female,0.046731
479279776267424,55-64,male,0.114153
479279776267424,25-34,female,0.042629
479279776267424,45-54,male,0.132257
479279776267424,35-44,unknown,0.004013
479279776267424,25-34,male,0.173994
479279776267424,35-44,male,0.137073
479279776267424,65+,male,0.071167
479279776267424,55-64,female,0.061536
479279776267424,18-24,unknown,0.001338
743083742784635,65+,female,0.109334
743083742784635,25-34,male,0.050772
743083742784635,55-64,unknown,0.00306
743083742784635,18-24,unknown,0.000835
743083742784635,35-44,unknown,0.002365
743083742784635,65+,unknown,0.001669
743083742784635,45-54,unknown,0.002782
743083742784635,35-44,male,0.063569
743083742784635,45-54,female,0.14091
743083742784635,55-64,male,0.100988
743083742784635,65+,male,0.068855
743083742784635,25-34,female,0.063152
743083742784635,55-64,female,0.152455
743083742784635,35-44,female,0.089303
743083742784635,45-54,male,0.095424
743083742784635,18-24,male,0.028794
743083742784635,18-24,female,0.024899
743083742784635,25-34,unknown,0.000835
797026884081602,45-54,male,0.042332
797026884081602,55-64,female,0.013324
797026884081602,65+,unknown,0.000694
797026884081602,45-54,unknown,0.002776
797026884081602,25-34,unknown,0.002221
797026884081602,55-64,unknown,0.000139
797026884081602,18-24,unknown,0.002915
797026884081602,35-44,unknown,0.002776
797026884081602,45-54,female,0.023317
797026884081602,65+,female,0.010132
797026884081602,13-17,male,0.012214
797026884081602,25-34,female,0.094656
797026884081602,65+,male,0.017765
797026884081602,55-64,male,0.026232
797026884081602,35-44,female,0.03789
797026884081602,35-44,male,0.063983
797026884081602,18-24,female,0.185288
797026884081602,25-34,male,0.177654
797026884081602,18-24,male,0.269674
797026884081602,13-17,female,0.01374
797026884081602,13-17,unknown,0.000278
566885160788373,25-34,male,0.459348
566885160788373,45-54,unknown,0.002401
566885160788373,13-17,unknown,0.000686
566885160788373,55-64,unknown,0.000686
566885160788373,65+,female,0.005146
566885160788373,45-54,female,0.009605
566885160788373,25-34,unknown,0.003774
566885160788373,18-24,unknown,0.001029
566885160788373,35-44,unknown,0.003774
566885160788373,35-44,female,0.016467
566885160788373,13-17,female,0.00789
566885160788373,35-44,male,0.172899
566885160788373,18-24,female,0.020926
566885160788373,25-34,female,0.033962
566885160788373,55-64,male,0.04048
566885160788373,55-64,female,0.006518
566885160788373,65+,male,0.0247
566885160788373,13-17,male,0.014408
566885160788373,45-54,male,0.076158
566885160788373,18-24,male,0.098456
566885160788373,65+,unknown,0.000686
418944835446130,45-54,unknown,0.001595
418944835446130,65+,male,0.099681
418944835446130,35-44,unknown,0.002392
418944835446130,55-64,unknown,0.002392
418944835446130,65+,unknown,0.00319
418944835446130,18-24,female,0.011962
418944835446130,45-54,female,0.069378
418944835446130,35-44,male,0.111643
418944835446130,25-34,male,0.110048
418944835446130,18-24,unknown,0.001595
418944835446130,25-34,female,0.027911
418944835446130,18-24,male,0.053429
418944835446130,55-64,female,0.085327
418944835446130,35-44,female,0.053429
418944835446130,65+,female,0.098884
418944835446130,45-54,male,0.137161
418944835446130,55-64,male,0.129187
418944835446130,25-34,unknown,0.000797
779048605876673,13-17,male,0.079363
779048605876673,35-44,female,0.023256
779048605876673,18-24,unknown,0.000662
779048605876673,55-64,unknown,0.000614
779048605876673,45-54,female,0.015078
779048605876673,25-34,unknown,0.001891
779048605876673,35-44,unknown,0.003167
779048605876673,45-54,unknown,0.001607
779048605876673,18-24,female,0.021412
779048605876673,55-64,male,0.037578
779048605876673,65+,unknown,0.000567
779048605876673,25-34,male,0.325203
779048605876673,25-34,female,0.037153
779048605876673,13-17,female,0.056296
779048605876673,35-44,male,0.171299
779048605876673,45-54,male,0.091227
779048605876673,65+,female,0.003734
779048605876673,18-24,male,0.104462
779048605876673,65+,male,0.016402
779048605876673,55-64,female,0.007705
779048605876673,13-17,unknown,0.001324
696556554176189,18-24,unknown,0.000975
696556554176189,45-54,female,0.097953
696556554176189,25-34,unknown,0.000975
696556554176189,65+,unknown,0.000975
696556554176189,35-44,unknown,0.001462
696556554176189,18-24,female,0.011209
696556554176189,55-64,unknown,0.001462
696556554176189,25-34,female,0.033626
696556554176189,45-54,male,0.135965
696556554176189,65+,female,0.098928
696556554176189,18-24,male,0.056043
696556554176189,55-64,male,0.119396
696556554176189,25-34,male,0.087719
696556554176189,35-44,male,0.1077
696556554176189,55-64,female,0.098441
696556554176189,35-44,female,0.060429
696556554176189,65+,male,0.086257
696556554176189,45-54,unknown,0.000487
411867209726934,65+,female,0.170981
411867209726934,65+,male,0.171884
411867209726934,55-64,female,0.127333
411867209726934,45-54,male,0.164359
411867209726934,55-64,male,0.200783
411867209726934,45-54,unknown,0.005117
411867209726934,35-44,male,0.062312
411867209726934,35-44,female,0.018964
411867209726934,45-54,female,0.060506
411867209726934,65+,unknown,0.009031
411867209726934,55-64,unknown,0.006321
411867209726934,35-44,unknown,0.002408
411867209726934,25-34,male,0
411867209726934,18-24,male,0
411867209726934,25-34,unknown,0
411867209726934,18-24,unknown,0
411867209726934,18-24,female,0
411867209726934,25-34,female,0
1211965955838671,25-34,male,0.250715
1211965955838671,18-24,male,0.27836
1211965955838671,25-34,female,0.215443
1211965955838671,18-24,female,0.251668
1211965955838671,18-24,unknown,0.000953
1211965955838671,25-34,unknown,0.00286
1211965955838671,55-64,unknown,0
1211965955838671,35-44,female,0
1211965955838671,45-54,female,0
1211965955838671,35-44,unknown,0
1211965955838671,45-54,unknown,0
1211965955838671,65+,male,0
1211965955838671,55-64,female,0
1211965955838671,65+,female,0
1211965955838671,45-54,male,0
1211965955838671,55-64,male,0
1211965955838671,35-44,male,0
1211965955838671,65+,unknown,0
749624978814446,65+,unknown,0.000942
749624978814446,45-54,female,0.110867
749624978814446,18-24,unknown,0.000628
749624978814446,35-44,unknown,0.00157
749624978814446,55-64,unknown,0.000628
749624978814446,45-54,unknown,0.002198
749624978814446,55-64,male,0.082601
749624978814446,35-44,male,0.093907
749624978814446,25-34,male,0.097362
749624978814446,65+,female,0.090452
749624978814446,18-24,female,0.040829
749624978814446,25-34,female,0.07255
749624978814446,18-24,male,0.06093
749624978814446,55-64,female,0.09108
749624978814446,65+,male,0.065327
749624978814446,45-54,male,0.105214
749624978814446,35-44,female,0.081658
749624978814446,25-34,unknown,0.001256
535548960594229,65+,male,0.049726
535548960594229,45-54,female,0.0607
535548960594229,45-54,unknown,0.001543
535548960594229,18-24,unknown,0.000857
535548960594229,65+,unknown,0.0012
535548960594229,35-44,unknown,0.003086
535548960594229,25-34,unknown,0.001029
535548960594229,55-64,female,0.056584
535548960594229,25-34,female,0.036866
535548960594229,45-54,male,0.152606
535548960594229,65+,female,0.04441
535548960594229,35-44,female,0.063786
535548960594229,35-44,male,0.174211
535548960594229,18-24,female,0.016461
535548960594229,25-34,male,0.158265
535548960594229,18-24,male,0.084877
535548960594229,55-64,male,0.092593
535548960594229,55-64,unknown,0.0012
450178388950248,55-64,female,0.057325
450178388950248,65+,female,0.146497
450178388950248,65+,male,0.229299
450178388950248,45-54,male,0.089172
450178388950248,55-64,male,0.242038
450178388950248,35-44,male,0.057325
450178388950248,25-34,male,0.050955
450178388950248,18-24,male,0.044586
450178388950248,25-34,unknown,0.006369
450178388950248,45-54,female,0.019108
450178388950248,45-54,unknown,0.006369
450178388950248,25-34,female,0.006369
450178388950248,18-24,female,0.025478
450178388950248,35-44,female,0.019108
450178388950248,55-64,unknown,0
450178388950248,18-24,unknown,0
450178388950248,65+,unknown,0
450178388950248,35-44,unknown,0
2688623931198834,55-64,female,0.075893
2688623931198834,45-54,male,0.120536
2688623931198834,65+,female,0.125
2688623931198834,55-64,male,0.236607
2688623931198834,35-44,male,0.049107
2688623931198834,65+,male,0.227679
2688623931198834,65+,unknown,0.004464
2688623931198834,25-34,male,0.066964
2688623931198834,45-54,female,0.017857
2688623931198834,35-44,unknown,0.004464
2688623931198834,35-44,female,0.013393
2688623931198834,18-24,male,0.040179
2688623931198834,55-64,unknown,0.008929
2688623931198834,18-24,female,0.008929
2688623931198834,18-24,unknown,0
2688623931198834,45-54,unknown,0
2688623931198834,25-34,unknown,0
2688623931198834,25-34,female,0
1413177492167853,65+,male,0.171551
1413177492167853,55-64,female,0.073857
1413177492167853,35-44,male,0.12075
1413177492167853,55-64,male,0.199687
1413177492167853,45-54,male,0.154357
1413177492167853,45-54,female,0.033216
1413177492167853,65+,female,0.124658
1413177492167853,18-24,male,0.016803
1413177492167853,25-34,male,0.064869
1413177492167853,35-44,female,0.01524
1413177492167853,25-34,female,0.011333
1413177492167853,35-44,unknown,0.001563
1413177492167853,18-24,female,0.003126
1413177492167853,45-54,unknown,0.003517
1413177492167853,55-64,unknown,0.003908
1413177492167853,65+,unknown,0.001563
1413177492167853,18-24,unknown,0
1413177492167853,25-34,unknown,0
2965602310134056,45-54,female,0.026936
2965602310134056,65+,male,0.279461
2965602310134056,65+,female,0.138047
2965602310134056,35-44,male,0.060606
2965602310134056,55-64,female,0.084175
2965602310134056,18-24,male,0.037037
2965602310134056,55-64,male,0.20202
2965602310134056,45-54,male,0.121212
2965602310134056,55-64,unknown,0.010101
2965602310134056,25-34,male,0.037037
2965602310134056,65+,unknown,0.003367
2965602310134056,45-54,unknown,0
2965602310134056,35-44,female,0
2965602310134056,35-44,unknown,0
2965602310134056,25-34,unknown,0
2965602310134056,18-24,unknown,0
2965602310134056,18-24,female,0
2965602310134056,25-34,female,0
562232614511495,45-54,male,0.12836
562232614511495,65+,male,0.352823
562232614511495,55-64,male,0.269489
562232614511495,45-54,female,0.006048
562232614511495,55-64,female,0.045027
562232614511495,35-44,male,0.040323
562232614511495,65+,female,0.101478
562232614511495,55-64,unknown,0.00672
562232614511495,18-24,male,0.012769
562232614511495,25-34,male,0.018817
562232614511495,65+,unknown,0.012097
562232614511495,35-44,female,0.002016
562232614511495,45-54,unknown,0.002016
562232614511495,25-34,female,0.000672
562232614511495,35-44,unknown,0.000672
562232614511495,18-24,female,0.000672
562232614511495,18-24,unknown,0
562232614511495,25-34,unknown,0
529080947891520,55-64,male,0.315789
529080947891520,25-34,male,0.015625
529080947891520,65+,female,0.073465
529080947891520,35-44,male,0.059485
529080947891520,65+,male,0.299068
529080947891520,45-54,male,0.152686
529080947891520,18-24,male,0.00795
529080947891520,25-34,female,0.000822
529080947891520,55-64,female,0.049068
529080947891520,35-44,female,0.001645
529080947891520,45-54,female,0.007675
529080947891520,18-24,female,0.000548
529080947891520,45-54,unknown,0.003564
529080947891520,55-64,unknown,0.005757
529080947891520,65+,unknown,0.005757
529080947891520,35-44,unknown,0.001096
529080947891520,18-24,unknown,0
529080947891520,25-34,unknown,0
2261550783954966,55-64,female,0.120756
2261550783954966,35-44,female,0.01466
2261550783954966,55-64,unknown,0.002315
2261550783954966,25-34,unknown,0.001157
2261550783954966,45-54,unknown,0.003086
2261550783954966,25-34,female,0.005015
2261550783954966,18-24,female,0.007716
2261550783954966,35-44,unknown,0.001929
2261550783954966,18-24,male,0.008488
2261550783954966,65+,female,0.139275
2261550783954966,25-34,male,0.043981
2261550783954966,45-54,female,0.044367
2261550783954966,35-44,male,0.07909
2261550783954966,45-54,male,0.160108
2261550783954966,55-64,male,0.216435
2261550783954966,65+,male,0.150849
2261550783954966,65+,unknown,0.000772
2261550783954966,18-24,unknown,0
2141748929465077,45-54,male,0.11958
2141748929465077,45-54,female,0.013986
2141748929465077,55-64,male,0.248951
2141748929465077,35-44,male,0.027972
2141748929465077,65+,female,0.156643
2141748929465077,65+,male,0.322378
2141748929465077,25-34,male,0.013986
2141748929465077,35-44,female,0.005594
2141748929465077,55-64,female,0.048951
2141748929465077,55-64,unknown,0.008392
2141748929465077,18-24,female,0.011189
2141748929465077,25-34,female,0.007692
2141748929465077,45-54,unknown,0.001399
2141748929465077,18-24,male,0.006294
2141748929465077,65+,unknown,0.005594
2141748929465077,35-44,unknown,0.001399
2141748929465077,18-24,unknown,0
2141748929465077,25-34,unknown,0
252058155728062,65+,male,0.187808
252058155728062,45-54,male,0.178865
252058155728062,65+,female,0.124293
252058155728062,55-64,female,0.082132
252058155728062,55-64,male,0.233984
252058155728062,35-44,male,0.102391
252058155728062,25-34,male,0.027925
252058155728062,35-44,female,0.011863
252058155728062,18-24,male,0.004745
252058155728062,55-64,unknown,0.004015
252058155728062,45-54,female,0.03121
252058155728062,65+,unknown,0.001825
252058155728062,35-44,unknown,0.001095
252058155728062,25-34,female,0.003833
252058155728062,18-24,female,0.003103
252058155728062,45-54,unknown,0.000913
252058155728062,18-24,unknown,0
252058155728062,25-34,unknown,0
2477169849237680,55-64,male,0.121597
2477169849237680,25-34,female,0.032409
2477169849237680,35-44,unknown,0.002074
2477169849237680,25-34,unknown,0.000519
2477169849237680,18-24,unknown,0.000778
2477169849237680,18-24,female,0.013741
2477169849237680,55-64,unknown,0.003889
2477169849237680,18-24,male,0.027482
2477169849237680,55-64,female,0.129634
2477169849237680,45-54,female,0.093596
2477169849237680,65+,female,0.173192
2477169849237680,35-44,female,0.048743
2477169849237680,25-34,male,0.045372
2477169849237680,65+,male,0.103708
2477169849237680,45-54,male,0.117449
2477169849237680,35-44,male,0.079855
2477169849237680,65+,unknown,0.00363
2477169849237680,45-54,unknown,0.002333
410079393244263,18-24,unknown,0.001244
410079393244263,35-44,unknown,0.002488
410079393244263,25-34,unknown,0.001244
410079393244263,18-24,male,0.170398
410079393244263,45-54,male,0.139303
410079393244263,55-64,male,0.11194
410079393244263,35-44,male,0.13806
410079393244263,55-64,female,0.032338
410079393244263,25-34,male,0.211443
410079393244263,65+,female,0.029851
410079393244263,65+,male,0.060945
410079393244263,45-54,unknown,0.002488
410079393244263,45-54,female,0.03607
410079393244263,35-44,female,0.017413
410079393244263,25-34,female,0.0199
410079393244263,18-24,female,0.024876
410079393244263,55-64,unknown,0
410079393244263,65+,unknown,0
3346785428672651,65+,female,0.169014
3346785428672651,45-54,male,0.15493
3346785428672651,35-44,male,0.084507
3346785428672651,55-64,male,0.140845
3346785428672651,65+,male,0.15493
3346785428672651,55-64,female,0.084507
3346785428672651,18-24,male,0.098592
3346785428672651,25-34,male,0.070423
3346785428672651,45-54,female,0.014085
3346785428672651,18-24,female,0.014085
3346785428672651,65+,unknown,0.014085
3346785428672651,55-64,unknown,0
3346785428672651,45-54,unknown,0
3346785428672651,35-44,female,0
3346785428672651,35-44,unknown,0
3346785428672651,25-34,unknown,0
3346785428672651,18-24,unknown,0
3346785428672651,25-34,female,0
1315917168569804,18-24,male,0.221154
1315917168569804,45-54,male,0.105769
1315917168569804,65+,male,0.115385
1315917168569804,35-44,male,0.096154
1315917168569804,65+,female,0.048077
1315917168569804,25-34,male,0.173077
1315917168569804,18-24,female,0.067308
1315917168569804,35-44,female,0.048077
1315917168569804,55-64,female,0.038462
1315917168569804,55-64,male,0.019231
1315917168569804,45-54,female,0.019231
1315917168569804,25-34,female,0.028846
1315917168569804,18-24,unknown,0.009615
1315917168569804,65+,unknown,0.009615
1315917168569804,55-64,unknown,0
1315917168569804,25-34,unknown,0
1315917168569804,45-54,unknown,0
1315917168569804,35-44,unknown,0
2431331340478250,55-64,unknown,0.001215
2431331340478250,45-54,male,0.05407
2431331340478250,65+,unknown,0.001823
2431331340478250,35-44,male,0.038882
2431331340478250,18-24,female,0.018226
2431331340478250,45-54,female,0.142163
2431331340478250,65+,female,0.238761
2431331340478250,25-34,male,0.019441
2431331340478250,65+,male,0.065614
2431331340478250,25-34,unknown,0.000608
2431331340478250,35-44,female,0.071689
2431331340478250,25-34,female,0.036452
2431331340478250,55-64,male,0.066221
2431331340478250,55-64,female,0.230863
2431331340478250,45-54,unknown,0.001215
2431331340478250,35-44,unknown,0.001215
2431331340478250,18-24,male,0.011543
2431331340478250,18-24,unknown,0
392518991383653,18-24,male,0.202963
392518991383653,13-17,male,0.288889
392518991383653,13-17,female,0.154074
392518991383653,18-24,female,0.053333
392518991383653,45-54,male,0.014815
392518991383653,25-34,male,0.174815
392518991383653,35-44,male,0.041481
392518991383653,45-54,female,0.008889
392518991383653,25-34,female,0.037037
392518991383653,35-44,female,0.017778
392518991383653,13-17,unknown,0.001481
392518991383653,45-54,unknown,0.001481
392518991383653,35-44,unknown,0.001481
392518991383653,25-34,unknown,0.001481
392518991383653,55-64,unknown,0
392518991383653,65+,male,0
392518991383653,55-64,female,0
392518991383653,65+,female,0
392518991383653,18-24,unknown,0
392518991383653,55-64,male,0
392518991383653,65+,unknown,0
2081220618853379,35-44,unknown,0.001583
2081220618853379,25-34,male,0.112386
2081220618853379,45-54,female,0.200633
2081220618853379,18-24,male,0.020578
2081220618853379,35-44,male,0.100514
2081220618853379,55-64,female,0.140483
2081220618853379,35-44,female,0.099723
2081220618853379,55-64,male,0.081124
2081220618853379,45-54,male,0.135338
2081220618853379,25-34,female,0.08706
2081220618853379,18-24,female,0.018203
2081220618853379,45-54,unknown,0.001583
2081220618853379,55-64,unknown,0.000791
2081220618853379,65+,male,0
2081220618853379,65+,female,0
2081220618853379,25-34,unknown,0
2081220618853379,18-24,unknown,0
2081220618853379,65+,unknown,0
386089125396504,55-64,female,0.165643
386089125396504,18-24,female,0.039813
386089125396504,35-44,unknown,0.002212
386089125396504,18-24,unknown,0.000737
386089125396504,55-64,unknown,0.003441
386089125396504,45-54,unknown,0.00172
386089125396504,25-34,female,0.063898
386089125396504,25-34,male,0.043008
386089125396504,18-24,male,0.023101
386089125396504,65+,unknown,0.004669
386089125396504,35-44,female,0.072008
386089125396504,35-44,male,0.049889
386089125396504,65+,male,0.09044
386089125396504,45-54,female,0.090686
386089125396504,55-64,male,0.080364
386089125396504,45-54,male,0.062177
386089125396504,65+,female,0.20521
386089125396504,25-34,unknown,0.000983
514485735968506,25-34,unknown,0.001961
514485735968506,65+,female,0.059804
514485735968506,65+,unknown,0.001961
514485735968506,45-54,unknown,0.00098
514485735968506,13-17,male,0.015686
514485735968506,35-44,male,0.104902
514485735968506,18-24,female,0.057843
514485735968506,55-64,male,0.05
514485735968506,13-17,female,0.013725
514485735968506,45-54,female,0.090196
514485735968506,18-24,male,0.111765
514485735968506,55-64,female,0.058824
514485735968506,25-34,male,0.140196
514485735968506,25-34,female,0.056863
514485735968506,45-54,male,0.086275
514485735968506,65+,male,0.037255
514485735968506,35-44,female,0.110784
514485735968506,35-44,unknown,0.00098
514485735968506,55-64,unknown,0
514485735968506,18-24,unknown,0
649135435496150,35-44,male,0.104364
649135435496150,65+,male,0.048387
649135435496150,25-34,unknown,0.002846
649135435496150,18-24,unknown,0.006641
649135435496150,55-64,unknown,0.005693
649135435496150,45-54,unknown,0.005693
649135435496150,65+,unknown,0.003795
649135435496150,13-17,male,0.017078
649135435496150,13-17,female,0.016129
649135435496150,25-34,male,0.12334
649135435496150,25-34,female,0.043643
649135435496150,45-54,female,0.072106
649135435496150,55-64,female,0.060721
649135435496150,65+,female,0.047438
649135435496150,35-44,unknown,0.008539
649135435496150,45-54,male,0.112903
649135435496150,55-64,male,0.075901
649135435496150,18-24,male,0.122391
649135435496150,18-24,female,0.063567
649135435496150,35-44,female,0.057875
649135435496150,13-17,unknown,0.000949
2368762783391088,25-34,male,0.536585
2368762783391088,35-44,male,0.040172
2368762783391088,18-24,male,0.299857
2368762783391088,18-24,female,0.05165
2368762783391088,25-34,female,0.063128
2368762783391088,35-44,female,0.001435
2368762783391088,35-44,unknown,0.001435
2368762783391088,18-24,unknown,0.002869
2368762783391088,25-34,unknown,0.002869
2368762783391088,55-64,unknown,0
2368762783391088,45-54,unknown,0
2368762783391088,45-54,female,0
2368762783391088,65+,male,0
2368762783391088,55-64,female,0
2368762783391088,65+,female,0
2368762783391088,45-54,male,0
2368762783391088,55-64,male,0
2368762783391088,65+,unknown,0
937515176617711,45-54,female,0.106383
937515176617711,35-44,male,0.085106
937515176617711,65+,male,0.048632
937515176617711,18-24,male,0.075988
937515176617711,55-64,male,0.091185
937515176617711,55-64,female,0.085106
937515176617711,25-34,male,0.164134
937515176617711,35-44,female,0.048632
937515176617711,25-34,female,0.075988
937515176617711,45-54,male,0.136778
937515176617711,18-24,female,0.006079
937515176617711,65+,female,0.057751
937515176617711,35-44,unknown,0.006079
937515176617711,25-34,unknown,0.006079
937515176617711,55-64,unknown,0.006079
937515176617711,18-24,unknown,0
937515176617711,45-54,unknown,0
937515176617711,65+,unknown,0
241316546782531,18-24,male,0.064494
241316546782531,65+,unknown,0.002716
241316546782531,35-44,unknown,0.002037
241316546782531,45-54,unknown,0.002037
241316546782531,25-34,unknown,0.001358
241316546782531,18-24,female,0.007468
241316546782531,55-64,unknown,0.004752
241316546782531,25-34,female,0.010183
241316546782531,65+,female,0.105227
241316546782531,35-44,male,0.093007
241316546782531,65+,male,0.200272
241316546782531,25-34,male,0.080109
241316546782531,35-44,female,0.016972
241316546782531,55-64,female,0.05499
241316546782531,45-54,female,0.037339
241316546782531,55-64,male,0.198914
241316546782531,45-54,male,0.117447
241316546782531,18-24,unknown,0.000679
765040750583793,45-54,male,0.066465
765040750583793,35-44,male,0.05956
765040750583793,45-54,unknown,0.003884
765040750583793,25-34,unknown,0.001726
765040750583793,65+,unknown,0.003021
765040750583793,35-44,unknown,0.004748
765040750583793,55-64,male,0.072508
765040750583793,35-44,female,0.091929
765040750583793,65+,male,0.081139
765040750583793,25-34,female,0.100993
765040750583793,55-64,female,0.148468
765040750583793,18-24,female,0.045749
765040750583793,45-54,female,0.101424
765040750583793,18-24,male,0.036254
765040750583793,25-34,male,0.05697
765040750583793,65+,female,0.123004
765040750583793,55-64,unknown,0.002158
765040750583793,18-24,unknown,0
542741289795898,18-24,unknown,0.000368
542741289795898,25-34,female,0.090273
542741289795898,55-64,unknown,0.005158
542741289795898,65+,unknown,0.002763
542741289795898,45-54,unknown,0.002027
542741289795898,25-34,male,0.043478
542741289795898,35-44,unknown,0.003132
542741289795898,18-24,male,0.024687
542741289795898,18-24,female,0.030766
542741289795898,55-64,female,0.149779
542741289795898,55-64,male,0.074982
542741289795898,35-44,female,0.102616
542741289795898,65+,female,0.170597
542741289795898,45-54,female,0.11717
542741289795898,35-44,male,0.048452
542741289795898,45-54,male,0.058032
542741289795898,65+,male,0.07406
542741289795898,25-34,unknown,0.001658
451424788803675,35-44,male,0.00074
451424788803675,65+,female,0.00037
451424788803675,55-64,female,0.00111
451424788803675,25-34,unknown,0.00074
451424788803675,18-24,male,0.021836
451424788803675,25-34,female,0.048483
451424788803675,18-24,female,0.137306
451424788803675,13-17,female,0.667283
451424788803675,13-17,male,0.085862
451424788803675,13-17,unknown,0.006292
451424788803675,25-34,male,0.014064
451424788803675,45-54,female,0.004071
451424788803675,35-44,female,0.008882
451424788803675,45-54,male,0.00148
451424788803675,18-24,unknown,0.00111
451424788803675,65+,male,0.00037
451424788803675,55-64,unknown,0
451424788803675,45-54,unknown,0
451424788803675,35-44,unknown,0
451424788803675,55-64,male,0
451424788803675,65+,unknown,0
2461802710813532,18-24,unknown,0.000345
2461802710813532,55-64,male,0.017271
2461802710813532,65+,female,0.013126
2461802710813532,45-54,female,0.017617
2461802710813532,65+,male,0.012435
2461802710813532,65+,unknown,0.001036
2461802710813532,25-34,female,0.006563
2461802710813532,25-34,male,0.014162
2461802710813532,18-24,male,0.007945
2461802710813532,55-64,unknown,0.001382
2461802710813532,18-24,female,0.002418
2461802710813532,35-44,female,0.017962
2461802710813532,45-54,male,0.023834
2461802710813532,13-17,unknown,0.010363
2461802710813532,55-64,female,0.021416
2461802710813532,13-17,male,0.417271
2461802710813532,13-17,female,0.391019
2461802710813532,45-54,unknown,0.000691
2461802710813532,35-44,male,0.023143
2461802710813532,25-34,unknown,0
2461802710813532,35-44,unknown,0
2492769150817879,35-44,female,0.179936
2492769150817879,25-34,male,0.048169
2492769150817879,45-54,unknown,0.003782
2492769150817879,35-44,unknown,0.005772
2492769150817879,65+,unknown,0.002986
2492769150817879,45-54,male,0.031847
2492769150817879,55-64,unknown,0.004379
2492769150817879,25-34,unknown,0.004578
2492769150817879,18-24,female,0.08121
2492769150817879,55-64,female,0.097134
2492769150817879,35-44,male,0.033639
2492769150817879,18-24,male,0.027468
2492769150817879,55-64,male,0.029459
2492769150817879,25-34,female,0.248209
2492769150817879,45-54,female,0.090366
2492769150817879,65+,male,0.021298
2492769150817879,65+,female,0.087381
2492769150817879,18-24,unknown,0.002389
368021530740807,35-44,unknown,0.000463
368021530740807,65+,female,0.003241
368021530740807,55-64,male,0.001852
368021530740807,18-24,unknown,0.001852
368021530740807,45-54,male,0.002778
368021530740807,65+,male,0.002315
368021530740807,35-44,female,0.021296
368021530740807,35-44,male,0.009259
368021530740807,25-34,male,0.026852
368021530740807,18-24,male,0.016204
368021530740807,55-64,unknown,0.000463
368021530740807,45-54,female,0.013426
368021530740807,13-17,male,0.187037
368021530740807,55-64,female,0.010185
368021530740807,13-17,unknown,0.018519
368021530740807,18-24,female,0.088426
368021530740807,25-34,female,0.059722
368021530740807,13-17,female,0.534722
368021530740807,65+,unknown,0.000463
368021530740807,25-34,unknown,0.000926
368021530740807,45-54,unknown,0
514832332678573,45-54,female,0.090024
514832332678573,18-24,male,0.03601
514832332678573,55-64,unknown,0.003406
514832332678573,18-24,unknown,0.003406
514832332678573,45-54,unknown,0.003406
514832332678573,65+,unknown,0.00292
514832332678573,35-44,unknown,0.003893
514832332678573,25-34,male,0.052068
514832332678573,65+,female,0.076399
514832332678573,55-64,female,0.089051
514832332678573,65+,male,0.027251
514832332678573,45-54,male,0.041849
514832332678573,35-44,female,0.159124
514832332678573,55-64,male,0.035036
514832332678573,35-44,male,0.046229
514832332678573,18-24,female,0.117275
514832332678573,25-34,female,0.209732
514832332678573,25-34,unknown,0.00292
2182429475199144,18-24,unknown,0.000704
2182429475199144,35-44,male,0.136863
2182429475199144,35-44,unknown,0.002816
2182429475199144,18-24,female,0.004365
2182429475199144,65+,unknown,0.001971
2182429475199144,25-34,unknown,0.001408
2182429475199144,25-34,female,0.01746
2182429475199144,45-54,unknown,0.005351
2182429475199144,65+,female,0.083357
2182429475199144,25-34,male,0.127147
2182429475199144,18-24,male,0.043086
2182429475199144,45-54,female,0.057589
2182429475199144,45-54,male,0.163616
2182429475199144,65+,male,0.08392
2182429475199144,55-64,male,0.136863
2182429475199144,35-44,female,0.042946
2182429475199144,55-64,female,0.087863
2182429475199144,55-64,unknown,0.002675
853942831665934,18-24,female,0.011057
853942831665934,55-64,male,0.136144
853942831665934,25-34,female,0.017968
853942831665934,65+,male,0.100898
853942831665934,45-54,male,0.120249
853942831665934,35-44,male,0.073255
853942831665934,25-34,male,0.02557
853942831665934,65+,female,0.156185
853942831665934,45-54,female,0.093296
853942831665934,35-44,female,0.05114
853942831665934,55-64,female,0.185902
853942831665934,18-24,male,0.011748
853942831665934,65+,unknown,0.004838
853942831665934,55-64,unknown,0.004838
853942831665934,35-44,unknown,0.003455
853942831665934,45-54,unknown,0.003455
853942831665934,18-24,unknown,0
853942831665934,25-34,unknown,0
2318770378235832,18-24,unknown,0.001585
2318770378235832,18-24,male,0.0729
2318770378235832,55-64,unknown,0.000792
2318770378235832,65+,unknown,0.000792
2318770378235832,35-44,unknown,0.003962
2318770378235832,45-54,female,0.087163
2318770378235832,18-24,female,0.032488
2318770378235832,25-34,female,0.053883
2318770378235832,65+,female,0.055468
2318770378235832,25-34,male,0.133122
2318770378235832,65+,male,0.05309
2318770378235832,55-64,male,0.104596
2318770378235832,35-44,male,0.133122
2318770378235832,55-64,female,0.068146
2318770378235832,35-44,female,0.053883
2318770378235832,25-34,unknown,0.002377
2318770378235832,45-54,male,0.140254
2318770378235832,45-54,unknown,0.002377
498396880949653,55-64,female,0.056689
498396880949653,25-34,female,0.043084
498396880949653,18-24,unknown,0.004535
498396880949653,35-44,unknown,0.013605
498396880949653,18-24,male,0.115646
498396880949653,55-64,unknown,0.004535
498396880949653,18-24,female,0.022676
498396880949653,65+,male,0.049887
498396880949653,55-64,male,0.0839
498396880949653,25-34,male,0.170068
498396880949653,45-54,male,0.102041
498396880949653,45-54,female,0.054422
498396880949653,45-54,unknown,0.011338
498396880949653,35-44,female,0.054422
498396880949653,65+,female,0.045351
498396880949653,35-44,male,0.163265
498396880949653,25-34,unknown,0.004535
498396880949653,65+,unknown,0
858321497896263,45-54,female,0.073034
858321497896263,45-54,unknown,0.014045
858321497896263,18-24,male,0.008427
858321497896263,35-44,female,0.008427
858321497896263,65+,unknown,0.002809
858321497896263,35-44,unknown,0.002809
858321497896263,35-44,male,0.067416
858321497896263,45-54,male,0.289326
858321497896263,65+,female,0.061798
858321497896263,55-64,female,0.081461
858321497896263,65+,male,0.087079
858321497896263,55-64,male,0.25
858321497896263,25-34,male,0.047753
858321497896263,25-34,female,0.005618
858321497896263,55-64,unknown,0
858321497896263,18-24,unknown,0
858321497896263,25-34,unknown,0
858321497896263,18-24,female,0
2374905062772457,65+,female,0.128713
2374905062772457,45-54,male,0.163366
2374905062772457,55-64,male,0.262376
2374905062772457,18-24,male,0.039604
2374905062772457,65+,male,0.217822
2374905062772457,45-54,female,0.034653
2374905062772457,65+,unknown,0.009901
2374905062772457,55-64,female,0.044554
2374905062772457,35-44,male,0.079208
2374905062772457,25-34,male,0.014851
2374905062772457,35-44,female,0.00495
2374905062772457,55-64,unknown,0
2374905062772457,45-54,unknown,0
2374905062772457,35-44,unknown,0
2374905062772457,25-34,unknown,0
2374905062772457,18-24,unknown,0
2374905062772457,18-24,female,0
2374905062772457,25-34,female,0
1113464048840556,18-24,male,0.073718
1113464048840556,45-54,female,0.077742
1113464048840556,65+,unknown,0.001298
1113464048840556,35-44,unknown,0.003764
1113464048840556,18-24,unknown,0.000649
1113464048840556,45-54,unknown,0.003634
1113464048840556,18-24,female,0.021934
1113464048840556,55-64,unknown,0.001687
1113464048840556,35-44,female,0.069695
1113464048840556,65+,female,0.09072
1113464048840556,65+,male,0.058923
1113464048840556,55-64,male,0.092667
1113464048840556,25-34,male,0.130175
1113464048840556,45-54,male,0.112005
1113464048840556,25-34,female,0.058793
1113464048840556,35-44,male,0.10279
1113464048840556,55-64,female,0.098507
1113464048840556,25-34,unknown,0.001298
762876204170224,18-24,unknown,0.001138
762876204170224,45-54,female,0.049488
762876204170224,13-17,female,0.002275
762876204170224,25-34,unknown,0.001138
762876204170224,13-17,male,0.010808
762876204170224,18-24,female,0.005688
762876204170224,35-44,female,0.02446
762876204170224,55-64,female,0.064846
762876204170224,25-34,female,0.016496
762876204170224,35-44,male,0.114903
762876204170224,35-44,unknown,0.003413
762876204170224,45-54,unknown,0.003413
762876204170224,65+,female,0.086462
762876204170224,55-64,male,0.167235
762876204170224,65+,male,0.120592
762876204170224,25-34,male,0.090444
762876204170224,45-54,male,0.175768
762876204170224,18-24,male,0.05347
762876204170224,55-64,unknown,0.002844
762876204170224,65+,unknown,0.005119
379143462781789,55-64,unknown,0.00114
379143462781789,35-44,male,0.021665
379143462781789,35-44,female,0.010262
379143462781789,13-17,unknown,0.005701
379143462781789,25-34,female,0.018244
379143462781789,25-34,male,0.025086
379143462781789,55-64,male,0.028506
379143462781789,65+,unknown,0.002281
379143462781789,18-24,female,0.014823
379143462781789,65+,female,0.025086
379143462781789,45-54,unknown,0.00114
379143462781789,65+,male,0.031927
379143462781789,45-54,male,0.029647
379143462781789,55-64,female,0.029647
379143462781789,45-54,female,0.018244
379143462781789,18-24,male,0.034208
379143462781789,13-17,male,0.299886
379143462781789,13-17,female,0.401368
379143462781789,25-34,unknown,0.00114
379143462781789,18-24,unknown,0
379143462781789,35-44,unknown,0
401872447350917,55-64,male,0.212375
401872447350917,25-34,female,0.008361
401872447350917,45-54,unknown,0.003344
401872447350917,18-24,unknown,0.001672
401872447350917,35-44,female,0.008361
401872447350917,35-44,unknown,0.003344
401872447350917,45-54,female,0.026756
401872447350917,18-24,female,0.006689
401872447350917,55-64,unknown,0.008361
401872447350917,35-44,male,0.061873
401872447350917,18-24,male,0.026756
401872447350917,25-34,male,0.031773
401872447350917,55-64,female,0.073579
401872447350917,65+,male,0.230769
401872447350917,45-54,male,0.172241
401872447350917,65+,female,0.115385
401872447350917,65+,unknown,0.008361
401872447350917,25-34,unknown,0
373461656686798,25-34,unknown,0.002519
373461656686798,45-54,female,0.025189
373461656686798,18-24,unknown,0.001259
373461656686798,55-64,unknown,0.005038
373461656686798,65+,unknown,0.007557
373461656686798,55-64,male,0.18136
373461656686798,45-54,unknown,0.006297
373461656686798,18-24,female,0.02267
373461656686798,65+,male,0.2267
373461656686798,35-44,unknown,0.002519
373461656686798,65+,female,0.123426
373461656686798,25-34,male,0.064232
373461656686798,35-44,male,0.057935
373461656686798,45-54,male,0.109572
373461656686798,18-24,male,0.061713
373461656686798,55-64,female,0.06927
373461656686798,25-34,female,0.017632
373461656686798,35-44,female,0.015113
276542609883805,65+,unknown,0.00101
276542609883805,55-64,female,0.077778
276542609883805,18-24,female,0.024242
276542609883805,35-44,female,0.049495
276542609883805,25-34,female,0.019192
276542609883805,35-44,unknown,0.00404
276542609883805,65+,female,0.10101
276542609883805,18-24,male,0.079798
276542609883805,45-54,female,0.066667
276542609883805,65+,male,0.107071
276542609883805,55-64,unknown,0.00404
276542609883805,25-34,male,0.081818
276542609883805,55-64,male,0.115152
276542609883805,25-34,unknown,0.00202
276542609883805,45-54,male,0.145455
276542609883805,35-44,male,0.116162
276542609883805,45-54,unknown,0.005051
276542609883805,18-24,unknown,0
867194750284821,18-24,male,0.083333
867194750284821,45-54,female,0.07197
867194750284821,18-24,unknown,0.003788
867194750284821,25-34,unknown,0.003788
867194750284821,25-34,male,0.081439
867194750284821,35-44,female,0.043561
867194750284821,35-44,unknown,0.005682
867194750284821,45-54,unknown,0.005682
867194750284821,25-34,female,0.035985
867194750284821,18-24,female,0.094697
867194750284821,65+,female,0.102273
867194750284821,45-54,male,0.109848
867194750284821,55-64,female,0.090909
867194750284821,55-64,male,0.102273
867194750284821,35-44,male,0.075758
867194750284821,65+,male,0.087121
867194750284821,55-64,unknown,0.001894
867194750284821,65+,unknown,0
638455696652357,18-24,male,0.124088
638455696652357,35-44,female,0.020438
638455696652357,45-54,unknown,0.005839
638455696652357,25-34,female,0.019708
638455696652357,18-24,unknown,0.00365
638455696652357,18-24,female,0.021168
638455696652357,25-34,unknown,0.00219
638455696652357,65+,female,0.037226
638455696652357,45-54,female,0.013139
638455696652357,35-44,unknown,0.008029
638455696652357,55-64,female,0.040876
638455696652357,55-64,male,0.146715
638455696652357,35-44,male,0.127737
638455696652357,65+,unknown,0.00292
638455696652357,65+,male,0.123358
638455696652357,45-54,male,0.147445
638455696652357,25-34,male,0.150365
638455696652357,55-64,unknown,0.005109
2174970015934348,65+,female,0.086207
2174970015934348,65+,unknown,0.006897
2174970015934348,18-24,unknown,0.001149
2174970015934348,35-44,unknown,0.001149
2174970015934348,35-44,female,0.004598
2174970015934348,18-24,female,0.003448
2174970015934348,25-34,female,0.004598
2174970015934348,55-64,unknown,0.005747
2174970015934348,55-64,female,0.057471
2174970015934348,45-54,male,0.136782
2174970015934348,65+,male,0.188506
2174970015934348,25-34,male,0.088506
2174970015934348,18-24,male,0.078161
2174970015934348,45-54,female,0.012644
2174970015934348,35-44,male,0.111494
2174970015934348,55-64,male,0.210345
2174970015934348,45-54,unknown,0.002299
2174970015934348,25-34,unknown,0
1089072704630486,65+,male,0.222493
1089072704630486,35-44,male,0.0961
1089072704630486,65+,unknown,0.004178
1089072704630486,55-64,unknown,0.005571
1089072704630486,18-24,male,0.01149
1089072704630486,18-24,female,0.013928
1089072704630486,65+,female,0.047702
1089072704630486,25-34,unknown,0.001045
1089072704630486,45-54,male,0.17688
1089072704630486,35-44,female,0.020543
1089072704630486,35-44,unknown,0.002089
1089072704630486,45-54,female,0.018106
1089072704630486,55-64,female,0.035515
1089072704630486,25-34,male,0.04039
1089072704630486,25-34,female,0.016365
1089072704630486,55-64,male,0.283078
1089072704630486,45-54,unknown,0.004526
1089072704630486,18-24,unknown,0
2718814764814435,25-34,unknown,0.000241
2718814764814435,35-44,male,0.13468
2718814764814435,55-64,female,0.024531
2718814764814435,25-34,female,0.001924
2718814764814435,65+,female,0.029822
2718814764814435,25-34,male,0.054353
2718814764814435,65+,male,0.194565
2718814764814435,45-54,male,0.227754
2718814764814435,55-64,male,0.282347
2718814764814435,35-44,unknown,0.001684
2718814764814435,65+,unknown,0.003127
2718814764814435,18-24,female,0.002646
2718814764814435,45-54,unknown,0.002165
2718814764814435,35-44,female,0.006013
2718814764814435,18-24,male,0.018038
2718814764814435,55-64,unknown,0.006013
2718814764814435,45-54,female,0.010101
2718814764814435,18-24,unknown,0
768228383594018,65+,female,0.034752
768228383594018,55-64,unknown,0.007819
768228383594018,55-64,female,0.026064
768228383594018,65+,unknown,0.003765
768228383594018,35-44,unknown,0.001448
768228383594018,55-64,male,0.318853
768228383594018,45-54,unknown,0.001448
768228383594018,45-54,male,0.19722
768228383594018,18-24,male,0.009267
768228383594018,65+,male,0.248769
768228383594018,35-44,male,0.091804
768228383594018,25-34,male,0.027512
768228383594018,35-44,female,0.007819
768228383594018,18-24,female,0.005213
768228383594018,25-34,female,0.006661
768228383594018,45-54,female,0.011584
768228383594018,18-24,unknown,0
768228383594018,25-34,unknown,0
628527080979503,25-34,unknown,0.001934
628527080979503,25-34,male,0.081238
628527080979503,65+,female,0.040619
628527080979503,35-44,male,0.172147
628527080979503,55-64,male,0.220503
628527080979503,65+,male,0.143133
628527080979503,45-54,male,0.216634
628527080979503,18-24,male,0.044487
628527080979503,55-64,female,0.030948
628527080979503,55-64,unknown,0.009671
628527080979503,45-54,female,0.01354
628527080979503,18-24,female,0.005803
628527080979503,25-34,female,0.009671
628527080979503,35-44,female,0.009671
628527080979503,18-24,unknown,0
628527080979503,45-54,unknown,0
628527080979503,35-44,unknown,0
628527080979503,65+,unknown,0
860383160992449,18-24,female,0.108702
860383160992449,45-54,male,0.045823
860383160992449,13-17,unknown,0.00226
860383160992449,45-54,unknown,0.001438
860383160992449,35-44,unknown,0.002569
860383160992449,25-34,unknown,0.005137
860383160992449,18-24,unknown,0.007295
860383160992449,65+,female,0.050344
860383160992449,13-17,male,0.028871
860383160992449,65+,male,0.022604
860383160992449,18-24,male,0.071818
860383160992449,25-34,male,0.083633
860383160992449,55-64,male,0.034214
860383160992449,35-44,female,0.101716
860383160992449,55-64,female,0.074694
860383160992449,45-54,female,0.103565
860383160992449,55-64,unknown,0.000616
860383160992449,13-17,female,0.080756
860383160992449,35-44,male,0.054351
860383160992449,25-34,female,0.118874
860383160992449,65+,unknown,0.000719
480677929371177,18-24,female,0.090784
480677929371177,45-54,male,0.035763
480677929371177,13-17,unknown,0.004127
480677929371177,18-24,unknown,0.009629
480677929371177,25-34,unknown,0.004127
480677929371177,13-17,male,0.037139
480677929371177,25-34,female,0.060523
480677929371177,25-34,male,0.071527
480677929371177,35-44,male,0.044017
480677929371177,35-44,female,0.088033
480677929371177,18-24,male,0.053645
480677929371177,13-17,female,0.112792
480677929371177,45-54,female,0.094911
480677929371177,55-64,male,0.044017
480677929371177,55-64,female,0.116919
480677929371177,65+,male,0.031637
480677929371177,65+,female,0.099037
480677929371177,35-44,unknown,0.001376
480677929371177,55-64,unknown,0
480677929371177,45-54,unknown,0
480677929371177,65+,unknown,0
344633179541096,35-44,unknown,0.001441
344633179541096,35-44,male,0.072526
344633179541096,45-54,unknown,0.001441
344633179541096,25-34,female,0.005764
344633179541096,35-44,female,0.006724
344633179541096,55-64,unknown,0.007685
344633179541096,65+,unknown,0.006724
344633179541096,18-24,male,0.077329
344633179541096,25-34,male,0.052354
344633179541096,18-24,unknown,0.00048
344633179541096,65+,female,0.085014
344633179541096,45-54,female,0.017771
344633179541096,45-54,male,0.122478
344633179541096,55-64,male,0.21806
344633179541096,18-24,female,0.006724
344633179541096,65+,male,0.255043
344633179541096,55-64,female,0.061479
344633179541096,25-34,unknown,0.000961
458850597993559,18-24,female,0.001107
458850597993559,35-44,female,0.004983
458850597993559,65+,male,0.254153
458850597993559,25-34,male,0.047619
458850597993559,18-24,male,0.0299
458850597993559,45-54,male,0.13732
458850597993559,65+,female,0.095792
458850597993559,25-34,female,0.003322
458850597993559,35-44,male,0.066445
458850597993559,55-64,male,0.263566
458850597993559,55-64,female,0.060908
458850597993559,65+,unknown,0.003876
458850597993559,45-54,female,0.022148
458850597993559,55-64,unknown,0.006091
458850597993559,45-54,unknown,0.002215
458850597993559,35-44,unknown,0.000554
458850597993559,18-24,unknown,0
458850597993559,25-34,unknown,0
